CÓDIGO,CUENTA,BP GUAYAQUIL,BP PACIFICO,BP PICHINCHA,BP PRODUBANCO,BANCOS PRIVADOS GRANDES,BP AUSTRO,BP BOLIVARIANO,BP CITIBANK,BP DINERS,BP GENERAL RUMIÑAHUI,BP INTERNACIONAL,BP LOJA,BP MACHALA,BP SOLIDARIO,BANCOS PRIVADOS MEDIANOS,BP PROCREDIT,BP AMAZONAS,BP BANCO COMERCIAL DE MANABI,BP LITORAL,BP COOPNACIONAL,BP CAPITAL,BP DELBANK,BANCO ATLÁNTIDA S.A.,"BP BANCO  DESARROLLO DE LOS PUEBLOS  S.A., CODESARROLLO",BP VISIONFUND ECUADOR S.A.,BANCOS PRIVADOS PEQUEÑOS,TOTAL BANCOS PRIVADOS,BANCOS PRIVADOS COMERCIALES,BANCOS PRIVADOS CONSUMO,BANCOS PRIVADOS MICROCRÉDITO,BANCA MÚLTIPLE
11.0,FONDOS DISPONIBLES,0.091135822141,0.101631805991,0.105103248243,0.080060186136,0.097289473878,0.139227993674,0.11721035259,0.1980350147,0.073842949665,0.168324686332,0.131781509458,0.214313656014,0.174214449863,0.091914099369,0.129752985461,0.138791291718,0.136332449328,0.108781905178,0.074183281044,0.229968487937,0.049215423228,0.195873958483,0.09803063272,0.179677232273,0.084035310579,0.142910071273,0.108913613687,0.139554801381,0.101931781587,0.090037675229,0.106339062935
12.0,OPERACIONES INTERBANCARIAS,0.0,0.0,0.0,0.0,0.0,0.0,0.0,0.0,0.0,0.0,0.0,0.0,0.0,0.0,0.0,0.0,0.0,0.0,0.0,0.0,0.0,0.0,0.0,0.0,0.0,0.0,0.0,0.0,0.0,0.0,0.0
13.0,INVERSIONES,0.17898236989,0.218306940352,0.203827647388,0.187461470039,0.198945997853,0.193170597279,0.176832136514,0.337983518062,0.075656130253,0.156767350204,0.116266317116,0.12333297202,0.126758289941,0.11155253633,0.147190716772,0.139404634178,0.206824649353,0.261600970767,0.122450863415,0.581262690446,0.118231570572,0.122383541013,0.364107957205,0.155829065643,0.027223755772,0.208657715669,0.182948769508,0.142279620427,0.100186213942,0.171707877077,0.193419063069
,INVERSIONES DEL SECTOR PRIVADO,0.006627764176,0.048197621394,0.033919380033,0.10877257737,0.044793299052,0.064514494752,0.026571181297,0.11717443755,0.002796015834,0.049180171213,0.03887531524,0.056474637269,0.008920408765,0.065494806118,0.037626620522,0.029796310019,0.095580451688,0.187385086705,0.045484790566,0.501378345211,0.046552112349,0.071224941999,0.252458076897,0.097526219134,0.0,0.119861542352,0.044844724143,0.048061877261,0.016966328561,0.108275138019,0.046312563538
,INVERSIONES DEL SECTOR PUBLICO,0.162180519554,0.161002656299,0.149685758767,0.067387820486,0.139596279627,0.112190129826,0.142055585917,0.220809080512,0.063001052878,0.101998864438,0.070452582703,0.06676170543,0.109494450707,0.046057730212,0.101306185314,0.10792683784,0.110627072889,0.071223042891,0.076966072849,0.079967398989,0.071529252554,0.048903142517,0.103731130015,0.058302846509,0.025599670841,0.087403935751,0.125935519883,0.088093384434,0.074718596571,0.059108975157,0.134000446582
1307.0,De disponibilidad restringida,0.010183637077,0.009412954919,0.022651394564,0.011305139362,0.015678797793,0.016468714238,0.008401742077,0.0,0.009859061541,0.007310598542,0.006938419172,0.000101715075,0.008343430469,0.0,0.008411181727,0.001681486318,0.000727232534,0.005635275257,0.0,0.0,0.000150205669,0.002374164733,0.007918750292,0.0,0.001624084932,0.00157438243,0.01295686098,0.006124358731,0.009013257587,0.0043237639,0.014000494071
1399.0,(Provisión para inversiones),-9.550918e-06,-0.000306292259,-0.002428885975,-4.06718e-06,-0.001122378619,-2.741537e-06,-0.000196372776,0.0,0.0,-0.001722283989,0.0,-5.085754e-06,0.0,0.0,-0.000153270791,0.0,-0.000110107759,-0.002642434086,0.0,-8.3053754e-05,0.0,-0.000118708237,0.0,0.0,0.0,-0.000182144864,-0.000788335498,0.0,-0.000511968777,0.0,-0.000894441122
14.0,CARTERA DE CRÉDITOS,0.662693634348,0.585675852691,0.581940472276,0.674056042511,0.614567143175,0.53355652065,0.652806101504,0.423360670801,0.762125276095,0.611404187437,0.701492143057,0.611624924014,0.635819993576,0.717097302567,0.652710184186,0.673652140318,0.530440714375,0.476678113936,0.719755050164,0.156665109336,0.597953895632,0.623806339476,0.438255576419,0.607776799764,0.856258794827,0.571872714489,0.625264342557,0.66885995071,0.716942457938,0.676984054554,0.61364062923
,CARTERA DE CRÉDITOS PRODUCTIVO,0.336193673644,0.199899031669,0.265738938824,0.407851267734,0.291853719011,0.182994678626,0.467610088002,0.444252039629,0.051886850698,0.057956950631,0.588864315641,0.190030603006,0.45961297023,3.4692147e-05,0.346194293561,0.428386158954,0.26671095318,0.229869867609,0.182095842525,0.155548139328,0.010880433468,0.503348014581,0.030216954871,0.096177883088,0.0,0.243248049026,0.307469179853,0.571897463352,0.054856698877,0.012959557481,0.300244521589
,CARTERA DE CRÉDITOS CONSUMO,0.277263796336,0.361321355163,0.238711739564,0.258270157624,0.273294577514,0.348450712613,0.178316662223,0.0,0.770541551164,0.522172441531,0.111201326726,0.286455143382,0.157017745627,0.368751609862,0.29300049282,0.018153017229,0.266959049542,0.189633553203,0.571220436139,0.001811160931,0.406385326838,0.101206795721,0.056015541879,0.276028027364,0.015738095898,0.136077929075,0.275280561589,0.098154464199,0.694926937279,0.033012433389,0.263347129187
,CARTERA DE CRÉDITOS INMOBILIARIO,0.025681237084,0.052087398267,0.047992209683,0.037080101469,0.042561188461,0.01791955035,0.026049212263,0.0,5.1415208e-05,0.086374037472,0.028050168998,0.059184338922,0.03632369381,5.0258e-08,0.025578052365,0.038141937435,0.008491227548,0.0,0.000932432222,0.000962978053,0.0,0.031397752388,0.001039753832,0.08319957713,0.0,0.026657544267,0.036724879407,0.024759140828,0.025719695714,0.000445933404,0.038954602018
,CARTERA DE CRÉDITOS MICROCRÉDITO,0.048252351631,0.001071886642,0.099296161762,0.00606973839,0.053898886047,0.004089210008,0.000102586614,0.0,0.003289798573,0.000276005514,0.000919028744,0.14202111526,0.008665697572,0.425074248132,0.021966228926,0.215933418592,0.015362952232,0.0669620775,0.030175732099,0.009143623394,0.219927759595,0.005524831856,0.390196146515,0.20831979523,0.906144456871,0.198797789497,0.048299344182,0.000811202317,0.002634557493,0.684862669411,0.053787429646
,CARTERA DE CRÉDITOS VIVIENDA DE INTERÉS SOCIAL Y PÚBLICO,0.0,0.000400438128,0.000791747831,0.0,0.00042314644,0.0,0.0,0.0,0.0,0.006171927175,5.1257728e-05,0.0,0.0,0.0,0.000381305204,0.0,0.0,0.0,0.0,0.0,0.0,0.0,0.0,0.0,0.0,0.0,0.000396962711,4.5243838e-05,0.001834676526,0.0,0.000327636956
,CARTERA DE CRÃ¿DITOS EDUCATIVO,0.000185578985,0.014093750689,0.001695446517,9.8474893e-05,0.003518311565,0.0,0.000404949086,0.0,0.0,0.0,0.0,0.00019034362,0.001015912086,0.0,0.000162868439,3.9846848e-05,0.0,0.0,0.0,0.0,0.0,0.0,0.0,0.0,0.0,1.2642573e-05,0.002354026927,0.0,0.0,0.0,0.002785320926
,CARTERA DE CRÉDITO INVERSIÓN PÚBLICA,0.0,0.0,0.0,0.0,0.0,0.0,0.0,0.0,0.0,0.0,0.0,0.0,0.0,0.0,0.0,0.0,0.0,0.0,0.0,0.0,0.0,0.0,0.0,0.0,0.0,0.0,0.0,0.0,0.0,0.0,0.0
1499.0,(PROVISIONES PARA CRÉDITOS INCOBRABLES),-0.024883003332,-0.043198007867,-0.072285771904,-0.035313697599,-0.050982685862,-0.019897630947,-0.019677396683,-0.020891368828,-0.063644339549,-0.061547174886,-0.027593954779,-0.066256620176,-0.02681602575,-0.076763297832,-0.03457305713,-0.027002238741,-0.027083468127,-0.009787384376,-0.064669392822,-0.010800792371,-0.039239624269,-0.017671055071,-0.039212820677,-0.055948483049,-0.065623757942,-0.032921239949,-0.045260612113,-0.026807563824,-0.06303010795,-0.054296539131,-0.045806011091
149905.0,(CARTERA DE CRÉDITOS PRODUCTIVO),-0.004748019366,-0.003439005407,-0.009237302687,-0.006328813397,-0.006737082065,-0.002830139123,-0.006380580431,-0.013373767625,-0.001623512801,-0.002750485288,-0.013987405306,-0.013460132552,-0.005592948735,-3.71125e-07,-0.007144627538,-0.008167020736,-0.006431689728,-0.001783280453,-0.004260457393,-0.006626447144,-0.000104009762,-0.009211975926,-0.000564092822,-0.001442272399,0.0,-0.005055445802,-0.006813701679,-0.013915409344,-0.001982120451,-0.000241930181,-0.00646745472
149910.0,(CARTERA DE CRÉDITOS DE CONSUMO),-0.007422881186,-0.011085192226,-0.008481066103,-0.007050612799,-0.008526638907,-0.011374227194,-0.007627862478,0.0,-0.025986727717,-0.023131746227,-0.006184238565,-0.014029756917,-0.005609205975,-0.019410171368,-0.011600113779,-0.000554845801,-0.011695079921,-0.003183973838,-0.038548033232,-2.653703e-05,-0.006589100982,-0.001811320075,-0.000600555824,-0.015027092868,-0.000226198489,-0.005742718416,-0.009408771134,-0.005458663495,-0.025250482031,-0.000386754224,-0.008673543724
149915.0,(CARTERA DE CRÉDITOS INMOBILIARIO),-0.000379831101,-0.001586149562,-0.001092394664,-0.000893101255,-0.001015717389,-0.000612230049,-0.000431532648,0.0,-5.14153e-07,-0.002119511534,-0.000596356539,-0.001831136271,-0.000661371245,-5.0258e-08,-0.000580912976,-0.000438108135,-0.000114851472,0.0,-2.3939e-08,-1.4622795e-05,0.0,-0.000328265311,-1.0397538e-05,-0.001007500201,0.0,-0.000316519345,-0.000857317079,-0.000526388114,-0.000630406172,-4.459334e-06,-0.00091250779
149920.0,(CARTERA DE CRÉDITOS PARA MICROCRÉDITO),-0.001586936498,-1.0284114e-05,-0.004653365798,-0.000129888514,-0.002361332574,-0.000385543078,-3.647399e-06,0.0,-0.000125862965,-6.763952e-06,-1.2662489e-05,-0.005923236539,-0.000533858085,-0.039962679283,-0.001689997494,-0.004039753483,-0.00017310951,-0.001166343477,-0.001944599281,-0.000146607811,-0.003840857513,-5.6540496e-05,-0.024472837573,-0.022936034045,-0.051795222253,-0.009873095889,-0.002380900533,-1.1176844e-05,-0.000106738085,-0.040077098561,-0.002627752172
149940.0,(CARTERA DE CRÉDITOS DE VIVIENDA DE INTERÉS SOCIAL Y PÚBLICO),0.0,-4.3710089e-05,-8.006466e-06,0.0,-1.1946889e-05,0.0,0.0,0.0,0.0,-0.000245860324,-2.230957e-06,0.0,0.0,0.0,-1.5235919e-05,0.0,0.0,0.0,0.0,0.0,0.0,0.0,0.0,0.0,0.0,0.0,-1.2615179e-05,-1.969207e-06,-7.3084817e-05,0.0,-9.250326e-06
149945.0,(CARTERA DE CRÉDITO REFINANCIADA),-0.001717037614,-0.001137195556,-0.00044062121,-0.002403557621,-0.001169968031,-0.001708720501,-7.5158223e-05,0.0,-0.001547961394,-0.003562271651,-0.000927799267,-0.005124676991,-0.004743995013,-0.002224770719,-0.001452530798,-0.004519328193,-0.003807823554,-0.00043028089,-0.012885671916,-3.89086e-07,-0.000321157051,-0.002079356864,-0.008798013379,-0.011006287815,-0.001900927761,-0.004671614364,-0.00136659335,-0.000818943826,-0.002248216994,-0.00485897492,-0.001341758986
149950.0,(CARTERA DE CRÉDITO REESTRUCTURADA),-0.002481839212,-0.007462113111,-0.009824186355,-0.009909669087,-0.007975142652,-0.002805137207,-0.001263399517,0.0,-0.017991322746,-0.002706370061,-0.003802159035,-0.006702860677,-0.007103327907,-0.00197745848,-0.005037241174,-0.009280910643,-0.004626251191,-0.00017183031,-0.006193145405,0.0,-0.000270100856,-0.001263382798,-0.004766923541,-0.004462970368,-0.000590595612,-0.00491290818,-0.006955959568,-0.00335606502,-0.013342094222,-0.00238175432,-0.006872272482
149955.0,(CARTERA DE CRÉDITO EDUCATIVO),-8.264454e-06,-0.000404097892,-3.4281304e-05,-2.228264e-06,-9.5077962e-05,0.0,-1.1715787e-05,0.0,0.0,0.0,0.0,-4.185647e-06,-1.724463e-05,0.0,-4.032537e-06,-2.271748e-06,0.0,0.0,0.0,0.0,0.0,0.0,0.0,0.0,0.0,-7.20778e-07,-6.351017e-05,0.0,0.0,0.0,-7.5146212e-05
149960.0,(CARTERA DE CRÉDITO DE INVERSIÓN PÚBLICA),0.0,0.0,0.0,0.0,0.0,0.0,0.0,0.0,0.0,0.0,0.0,0.0,0.0,0.0,0.0,0.0,0.0,0.0,0.0,0.0,0.0,0.0,0.0,0.0,0.0,0.0,0.0,0.0,0.0,0.0,0.0
149980.0,PROVISIÓN GÉNERICA POR TECNOLOGÍA CREDITICIA,0.0,0.0,0.0,0.0,0.0,0.0,0.0,0.0,0.0,0.0,0.0,0.0,0.0,0.0,0.0,0.0,0.0,0.0,0.0,0.0,0.0,0.0,0.0,0.0,0.0,0.0,0.0,0.0,0.0,0.0,0.0
149985.0,PROVISIÓN ANTICÍCLICA,-0.000133474818,-0.000915422054,-0.001689655151,-0.000468898939,-0.001023982926,0.0,-0.000397505632,0.0,0.0,-0.000726491718,0.0,0.0,-0.000255847105,0.0,-0.000157305411,0.0,-8.9383809e-05,0.0,-0.000624824329,0.0,-0.000421531317,-0.002337213708,0.0,0.0,0.0,-8.4546112e-05,-0.000722215799,0.0,-0.000221550557,0.0,-0.000837950027
149987.0,(PROVISIONES NO REVERSADAS POR REQUERIMIENTO NORMATIVO),0.0,-0.00024733171,-0.002338944586,0.0,-0.001069149147,-0.000113477712,0.0,0.0,0.0,-0.002237925166,0.0,0.0,0.0,-3.8531517e-05,-0.000151030302,0.0,0.0,0.0,0.0,-0.003986188504,-0.027656347556,-0.000492199249,0.0,-6.6325353e-05,-0.001062320637,-0.001346043887,-0.000788580724,0.0,-0.000665249063,-0.0006067087,-0.000880527459
149989.0,(PROVISIÓN GENERICA VOLUNTARIA),-0.006404719083,-0.016867506146,-0.03448594758,-0.008126927723,-0.02099664732,-6.8156084e-05,-0.003485994568,-0.007517601203,-0.016368437773,-0.024059748965,-0.002081102621,-0.019180634582,-0.002298227057,-0.013149265082,-0.006740029203,0.0,-0.000145278942,-0.003051675408,-0.000212637326,0.0,-3.6519232e-05,-9.0800642e-05,0.0,0.0,-0.010048493189,-0.000917627175,-0.015890446898,-0.002718947975,-0.018510165559,-0.005738858891,-0.017107847194
15.0,DEUDORES POR ACEPTACIONES,2.2509237e-05,3.605963e-06,2.6120196e-05,0.0,1.6418161e-05,0.0,0.00440738025,0.0,0.0,0.0,0.0,0.0,0.0,0.0,0.001117334533,0.0,0.0,0.0,0.0,0.0,0.0,0.0,0.0,0.0,0.0,0.0,0.000362550977,0.0,0.0,0.0,0.000428975901
16.0,CUENTAS POR COBRAR,0.013317186957,0.016398066654,0.02112420707,0.010494331547,0.016818587036,0.024199820854,0.011196481127,0.009268504593,0.024018997487,0.028224001185,0.012016686985,0.01061104406,0.015226247244,0.011998407839,0.016188837499,0.011132863074,0.027157950402,0.071670715792,0.007105568628,0.004755387418,0.043044417059,0.021994920208,0.011894692918,0.014182437402,0.012999089466,0.018666424434,0.016677113426,0.011694252362,0.025117598982,0.012525431859,0.016581346627
17.0,"BIENES REALIZABLES, ADJUDICADOS POR PAGO, DE ARRENDAMIENTO MERCANTIL Y NO UTILIZADOS POR LA INSTITUCIÓN",0.000278992933,0.002022711521,0.001406374459,0.002950462242,0.001584697653,0.000630962419,0.0,0.0,0.0,0.000255975507,0.001863322822,0.001188875565,0.003531110309,0.000497028653,0.00081124047,0.005761847457,0.002282309447,0.003056840824,0.001750943237,0.000542182605,0.007335274061,0.0,0.0,0.003010220447,0.0,0.003182959852,0.001390302757,0.001644705676,9.1763561e-05,0.0,0.001467352119
18.0,PROPIEDADES Y EQUIPO,0.014537491633,0.012070859408,0.010141801374,0.011968742842,0.011683185266,0.020281646317,0.00890571984,0.004079131816,0.001955683689,0.003558506198,0.006305614914,0.01075198415,0.013989093817,0.019273646826,0.00911476527,0.003858134735,0.022191658745,0.030256565978,0.009458913149,0.007323730948,0.105972666045,0.001580574055,0.01588061693,0.02093608328,0.002939049033,0.015415673611,0.010989239388,0.006044389444,0.00249929913,0.008489475732,0.012149627693
19.0,OTROS ACTIVOS,0.039031992861,0.06389015742,0.076430128993,0.033008764684,0.059094496978,0.088932458807,0.028641828175,0.027273160028,0.062400962811,0.031465293137,0.030274405647,0.028176544177,0.030460815251,0.047666978417,0.043113935809,0.027399088519,0.07477026835,0.047954887525,0.065295380364,0.01948241131,0.078246753402,0.034360666765,0.071830523808,0.018588161193,0.016544000322,0.039294440673,0.0534540677,0.029922280001,0.053230884859,0.04025548555,0.055973942426
1.0,TOTAL ACTIVO,1.0,1.0,1.0,1.0,1.0,1.0,1.0,1.0,1.0,1.0,1.0,1.0,1.0,1.0,1.0,1.0,1.0,1.0,1.0,1.0,1.0,1.0,1.0,1.0,1.0,1.0,1.0,1.0,1.0,1.0,1.0
21.0,OBLIGACIONES CON EL PÚBLICO,0.864012353189,0.899112026466,0.903331641877,0.843072573881,0.883999254218,0.921712445213,0.846166364583,0.939689396183,0.656225024085,0.890860288644,0.912754780553,0.893059891978,0.889195168,0.531643925547,0.849809653421,0.876837290094,0.928491150786,0.980995984367,0.914113313905,0.975364525227,0.928278458765,0.853795876309,0.910735061447,0.8518026149,0.420561639777,0.871240625844,0.872943314164,0.915761174036,0.733033035026,0.638172076186,0.879334426088
2101.0,Depósitos a la vista,0.461276165005,0.398922842419,0.573903434075,0.459769611076,0.498177045578,0.444625972936,0.448592587654,0.939479308743,0.062933647144,0.332569477178,0.494616976238,0.459943746366,0.458409111142,0.14038266277,0.409961661033,0.486580467431,0.274247824295,0.421330486992,0.438853153352,0.54420460519,0.061188060399,0.280932215659,0.299229286207,0.439726278291,0.096252031435,0.389117608454,0.46733089164,0.544271711824,0.15180385208,0.186362933086,0.482702444706
2102.0,Operaciones de reporto,0.0,0.0,0.0,0.0,0.0,0.0,0.0,0.0,0.0,0.0,0.0,0.0,0.0,0.0,0.0,0.0,0.0,0.0,0.0,0.0,0.0,0.0,0.0,0.0,0.0,0.0,0.0,0.0,0.0,0.0,0.0
2103.0,Depósitos a plazo,0.374788181322,0.434783044093,0.298877785618,0.354092605954,0.349387555571,0.45372546696,0.360238939361,9.174461e-06,0.589799332075,0.558280506477,0.38913475109,0.433111673008,0.399243967123,0.382786852232,0.417219333074,0.372337183535,0.612850163631,0.464952965132,0.464774267768,0.421182077147,0.86572397275,0.548862240746,0.61150577524,0.40554921142,0.323968860334,0.460571289398,0.373938713266,0.345701252217,0.578794642366,0.451619668742,0.36216473074
2104.0,Depósitos de garantía,0.0,0.0,1.7078224e-05,0.0,7.435226e-06,0.000138009185,5.2905355e-05,0.0,0.0,0.0,1.4560894e-05,0.0,0.0,0.0,3.7309656e-05,0.0,1.0911681e-05,2.693784e-06,3.3399314e-05,0.0,0.0,0.0,0.0,0.0,0.0,2.71497e-06,1.6612281e-05,1.2935633e-05,2.53862e-07,0.0,1.8210554e-05
2105.0,Depósitos restringidos,0.027948006862,0.065406139954,0.030533343959,0.029210356851,0.036427217843,0.023222996132,0.037281932212,0.000200912979,0.003492044866,1.0304988e-05,0.028988492331,4.472603e-06,0.031542089735,0.008474410545,0.022591349658,0.017919639129,0.041382251179,0.094709838459,0.010452493471,0.00997784289,0.001366425616,0.024001419905,0.0,0.006527125189,0.000340748008,0.021549013023,0.031657096977,0.025775274361,0.002434286719,0.000189474358,0.034449040088
22.0,OPERACIONES INTERBANCARIAS,0.0,0.0,0.0,0.0,0.0,0.0,0.0,0.0,0.0,0.0,0.0,0.0,0.0,0.0,0.0,0.0,0.0,0.0,0.0,0.0,0.0,0.0,0.0,0.0,0.0,0.0,0.0,0.0,0.0,0.0,0.0
23.0,OBLIGACIONES INMEDIATAS,0.001581472416,0.009705751922,0.002698002889,0.001773062231,0.003647554703,0.001552431009,0.005018562785,0.000769112769,0.0,0.004093616616,0.00300795203,0.001138444464,0.001207319447,0.0,0.002652748717,6.638184e-05,0.006458435476,2.1307833e-05,0.000883245538,0.002814682478,0.000146228379,0.02636393447,0.000328691569,0.000671736623,0.0,0.002048601817,0.00328845691,0.002758056808,0.00131256316,0.000145921244,0.003495325025
24.0,ACEPTACIONES EN CIRCULACIÓN,2.4841517e-05,4.065184e-06,2.9053842e-05,0.0,1.8207763e-05,0.0,0.004895899235,0.0,0.0,0.0,0.0,0.0,0.0,0.0,0.001256484812,0.0,0.0,0.0,0.0,0.0,0.0,0.0,0.0,0.0,0.0,0.0,0.000403997493,0.0,0.0,0.0,0.000475822917
25.0,CUENTAS POR PAGAR,0.035270215832,0.034441859205,0.029097877735,0.032170314712,0.031861900266,0.023020277096,0.031808463428,0.056877133615,0.240232346625,0.039052228728,0.037317724266,0.024454587488,0.022212122385,0.057272056303,0.059850606845,0.022981076299,0.029659741118,0.016654970669,0.045757427836,0.021574216499,0.062991183328,0.116188279094,0.01858930732,0.032317714554,0.051570480988,0.029711713409,0.040528911296,0.039500910453,0.174578406572,0.03692862715,0.031254922251
26.0,OBLIGACIONES FINANCIERAS,0.086187030039,0.046236355284,0.046748187325,0.08690243603,0.061548669201,0.048423465311,0.085939853673,0.0,0.061888152137,0.045491441926,0.041138082871,0.068788594149,0.065840137366,0.386828341608,0.068384601495,0.082307946459,0.014596229371,0.0,0.033396104428,0.0,0.0,0.0,0.069781213965,0.109722051066,0.526754340967,0.085664623155,0.064416253028,0.036546323852,0.056441094748,0.323883036246,0.06673890137
2601.0,Sobregiros,0.0,0.0,4.1873324e-05,4.629854e-06,1.9071803e-05,0.0,0.0,0.0,0.0,0.0,0.0,0.0,0.0,0.0,0.0,0.0,0.0,0.0,0.0,0.0,0.0,0.0,0.0,0.0,0.0,0.0,1.2540292e-05,0.0,0.0,0.0,1.476979e-05
2602.0,Obligaciones con instituciones financieras del país,0.0,0.00384556476,0.0,0.0,0.000731387236,0.0,0.0,0.0,0.033928530105,0.009992491472,0.0,0.0,0.0,0.0,0.00496596745,0.0,0.0,0.0,0.033396104428,0.0,0.0,0.0,0.0,0.0,0.0,0.000495809134,0.002045405688,0.0,0.026288968307,0.0,0.000566408749
2603.0,Obligaciones con instituciones financieras del exterior,0.06678163918,0.037720201611,0.032492598142,0.02611276175,0.038932653432,0.04509753509,0.030326037857,0.0,0.027959622032,0.018900569043,0.011502774049,0.041930655759,0.021146199777,0.372924613143,0.03627319588,0.009916261681,0.0,0.0,0.0,0.0,0.0,0.0,0.069781213965,0.069623680795,0.526754340967,0.052390179361,0.038512920394,0.010218855042,0.024857299212,0.323883036246,0.041165986289
2604.0,Obligaciones con entidades del grupo financiero en el país,0.0,0.0,0.0,0.0,0.0,0.0,0.0,0.0,0.0,0.0,0.0,0.0,0.0,0.0,0.0,0.0,0.0,0.0,0.0,0.0,0.0,0.0,0.0,0.0,0.0,0.0,0.0,0.0,0.0,0.0,0.0
2605.0,Obligaciones con entidades del grupo financiero en el exterior,0.0,0.0,0.0,0.0,0.0,0.0,0.0,0.0,0.0,0.0,0.0,0.0,0.0,0.0,0.0,0.0,0.0,0.0,0.0,0.0,0.0,0.0,0.0,0.0,0.0,0.0,0.0,0.0,0.0,0.0,0.0
2606.0,Obligaciones con entidades financieras del sector público,0.011330371441,0.000265777281,0.006411762849,0.015540044708,0.007849938777,0.003325930221,0.019339289519,0.0,0.0,0.016598381411,0.029635308822,0.02685793839,0.024727570415,0.0,0.016346962571,0.0,0.014596229371,0.0,0.0,0.0,0.0,0.0,0.0,0.0,0.0,0.002769453136,0.010346232662,0.026327468809,0.005294827229,0.0,0.009092611107
2607.0,Obligaciones con organismos multilaterales,0.008075019418,0.004404811632,0.00780195301,0.039336609392,0.012941470169,0.0,0.01363340686,0.0,0.0,0.0,0.0,0.0,0.019966367174,0.013903728465,0.004987853005,0.0,0.0,0.0,0.0,0.0,0.0,0.0,0.0,0.0,0.0,0.0,0.010065629501,0.0,0.0,0.0,0.011855165599
2608.0,Préstamo subordinado,0.0,0.0,0.0,0.0,0.0,0.0,0.0,0.0,0.0,0.0,0.0,0.0,0.0,0.0,0.0,0.0,0.0,0.0,0.0,0.0,0.0,0.0,0.0,0.0,0.0,0.0,0.0,0.0,0.0,0.0,0.0
2609.0,Obligaciones con entidades del sector público,0.0,0.0,0.0,0.0,0.0,0.0,0.0,0.0,0.0,0.0,0.0,0.0,0.0,0.0,0.0,0.0,0.0,0.0,0.0,0.0,0.0,0.0,0.0,0.0,0.0,0.0,0.0,0.0,0.0,0.0,0.0
2610.0,Obligaciones con el fondo de liquidez del sistema financiero ecuatoriano,0.0,0.0,0.0,0.0,0.0,0.0,0.0,0.0,0.0,0.0,0.0,0.0,0.0,0.0,0.0,0.0,0.0,0.0,0.0,0.0,0.0,0.0,0.0,0.0,0.0,0.0,0.0,0.0,0.0,0.0,0.0
2690.0,Otras obligaciones,0.0,0.0,0.0,0.005908390326,0.001074147783,0.0,0.022641119437,0.0,0.0,0.0,0.0,0.0,0.0,0.0,0.005810622589,0.072391684778,0.0,0.0,0.0,0.0,0.0,0.0,0.0,0.040098370272,0.0,0.030009181523,0.00343352449,0.0,0.0,0.0,0.004043959835
27.0,VALORES EN CIRCULACIÓN,0.00342320338,0.0,0.00197907489,0.002949266239,0.002057262978,0.0,0.010063222886,0.0,0.0,0.0,0.005747996733,0.0,0.0,0.020364592457,0.004639878981,0.0,0.0,0.0,0.0,0.0,0.0,0.0,0.0,0.0,0.0,0.0,0.002800363018,0.005106415648,0.0,0.0,0.00277029307
28.0,OBLIGACIONES CONVERTIBLES EN ACCIONES Y APORTES PARA FUTURA CAPITALIZACIÓN,0.008889652986,0.0,0.010225220265,0.025086962134,0.010725065506,0.003657550006,0.010377179742,0.0,0.0,0.015342658752,0.0,0.0,0.020255299566,0.0,0.00520993255,0.017499629377,0.015679043845,0.0,3.3399e-08,0.0,0.0,0.0,0.0,0.003704288636,0.0,0.00935149882,0.008962485276,0.0,0.004894256225,0.0,0.010212849292
29.0,OTROS PASIVOS,0.000611230641,0.010499941939,0.005890941178,0.008045384774,0.006142085366,0.001633831365,0.005730453669,0.002664357433,0.041654477153,0.005159765334,3.3463547e-05,0.012558481922,0.001289953235,0.003891084085,0.00819609318,0.00030767593,0.005115399404,0.002327737132,0.005849874894,0.000246575796,0.008584129528,0.003651910127,0.000565725699,0.001781594221,0.001113538268,0.001982936955,0.006656218814,0.000327119203,0.029740644269,0.000870339174,0.005717459988
2.0,TOTAL PASIVOS,1.0,1.0,1.0,1.0,1.0,1.0,1.0,1.0,1.0,1.0,1.0,1.0,1.0,1.0,1.0,1.0,1.0,1.0,1.0,1.0,1.0,1.0,1.0,1.0,1.0,1.0,1.0,1.0,1.0,1.0,1.0
31.0,CAPITAL SOCIAL,0.841079604978,0.710765009541,0.740490792803,0.865202909877,0.770695076728,0.758299781817,0.828202709873,0.821731415944,0.723520485157,0.851457607722,0.818941267587,0.776832860571,0.841345375793,0.76188792317,0.789822141794,0.970592106189,0.883316844836,0.864674302699,0.96680266903,0.726511476503,1.505338332087,0.989269059148,1.172151175109,0.77083529032,0.91335162676,0.915214093333,0.78258292225,0.819373608717,0.750013509713,1.007135141995,0.78122704123
32.0,PRIMA O DESCUENTO EN COLOCACIÓN DE ACCIONES Y CERTIFICADOS,0.0,0.0,0.0,0.001745150538,0.00025826464,0.0,0.0,0.0,0.0,0.0,0.0,0.0,0.0,0.0,0.0,0.0,0.0,0.0,0.0,0.0,0.0,0.0,0.0,0.0,0.0,0.0,0.000159833701,0.0,0.0,0.0,0.000197441262
33.0,RESERVAS,0.15020108578,0.207113687847,0.12746986592,0.129222434676,0.148732327651,0.122154736299,0.131772803893,0.164906289416,0.23345276754,0.126223022848,0.142918888558,0.156769030104,0.076871431898,0.16588753214,0.15864219387,0.029407893811,0.040644484008,0.07080189843,0.038313845006,0.231772452672,0.0,0.00964637418,0.0,0.095184962817,0.080214737705,0.072380472697,0.149346047829,0.146325896539,0.21139640141,0.051146603221,0.142699220561
34.0,OTROS APORTES PATRIMONIALES,0.0,0.0,0.0,0.0,0.0,0.0,0.0,0.0,0.0,0.0,0.0,0.0,0.0,0.000106894168,6.547378e-06,0.0,0.0,0.0,0.0,9.2606681e-05,0.0,0.0,0.0,0.041391055171,0.006433635536,0.006637426333,0.000245646136,0.0,0.0,0.00410222128,0.000277692975
35.0,SUPERÁVIT POR VALUACIONES,0.008719309242,0.074228725604,0.081216352191,0.003822098651,0.05525923851,0.114291117216,0.039360740779,0.01336229464,0.042650316814,0.019306729763,0.037131548666,0.041904055105,0.080714336132,0.054439062631,0.048409932726,0.0,0.076038671157,0.063794216523,0.015233052232,0.041623464145,0.003145161996,0.001084566672,-0.046445941162,0.064913564384,0.0,0.030299795314,0.051984712374,0.033448437657,0.038104067183,-0.016831032583,0.056092620151
36.0,RESULTADOS,0.0,0.007892577008,0.050822989085,7.406258e-06,0.02505509247,0.005254364667,0.000663745456,0.0,0.000376430489,0.003012639667,0.001008295189,0.02449405422,0.001068856177,0.01767858789,0.003119184232,0.0,0.0,0.000729582348,-0.020349566267,0.0,-0.508483494083,0.0,-0.125705233946,0.027675127308,0.0,-0.024531787678,0.01568083771,0.000852057088,0.000486021694,-0.045552933914,0.019505983822
3601.0,Utilidades o excedentes acumulados,0.0,0.007892577008,0.050822989085,7.406258e-06,0.02505509247,0.005254364667,0.000663745456,0.0,0.000376430489,0.003012639667,0.001008295189,0.02449405422,0.001068856177,0.01767858789,0.003119184232,0.0,0.0,0.000729582348,0.0,0.0,0.0,0.0,0.0,0.027675127308,0.0,0.004101953235,0.016730821617,0.000852057088,0.000830975136,0.0,0.020474890994
3602.0,(Pérdidas acumuladas),0.0,0.0,0.0,0.0,0.0,0.0,0.0,0.0,0.0,0.0,0.0,0.0,0.0,0.0,0.0,0.0,0.0,0.0,-0.020349566267,0.0,-0.508483494083,0.0,-0.125705233946,0.0,0.0,-0.028633740913,-0.001049983907,0.0,-0.000344953441,-0.045552933914,-0.000968907173
3603.0,Utilidad o excedente del ejercicio,0.0,0.0,0.0,0.0,0.0,0.0,0.0,0.0,0.0,0.0,0.0,0.0,0.0,0.0,0.0,0.0,0.0,0.0,0.0,0.0,0.0,0.0,0.0,0.0,0.0,0.0,0.0,0.0,0.0,0.0,0.0
3604.0,(Pérdida del ejercicio),0.0,0.0,0.0,0.0,0.0,0.0,0.0,0.0,0.0,0.0,0.0,0.0,0.0,0.0,0.0,0.0,0.0,0.0,0.0,0.0,0.0,0.0,0.0,0.0,0.0,0.0,0.0,0.0,0.0,0.0,0.0
37.0,(DESVALORIZACIÓN DEL PATRIMONIO),0.0,0.0,0.0,0.0,0.0,0.0,0.0,0.0,0.0,0.0,0.0,0.0,0.0,0.0,0.0,0.0,0.0,0.0,0.0,0.0,0.0,0.0,0.0,0.0,0.0,0.0,0.0,0.0,0.0,0.0,0.0
3.0,TOTAL PATRIMONIO,1.0,1.0,1.0,1.0,1.0,1.0,1.0,1.0,1.0,1.0,1.0,1.0,1.0,1.0,1.0,1.0,1.0,1.0,1.0,1.0,1.0,1.0,1.0,1.0,1.0,1.0,1.0,1.0,1.0,1.0,1.0
